PDB,AveragePhi,AveragePsi,Species,Resolution,Resolutions_float,New_resolutions
9EZ1,-65.67023362482767,-2.3934720664967783,Zebrafish,1-2,1.0,1-2.5
9EZ2,-66.5722622487143,-2.3336790129139957,Zebrafish,1-2,1.0,1-2.5
9GYA,-66.84510392935881,-3.1095994890673664,Zebrafish,1-2,1.0,1-2.5
9GYJ,-64.91743547915604,-4.229557537363045,Zebrafish,1-2,1.0,1-2.5
4Q0A,-66.14385890523009,-3.030663342819019,Zebrafish,1-2,1.0,1-2.5
5MX7,-65.53353158107686,-2.7159824180191103,Zebrafish,1-2,1.0,1-2.5
8PWF,-67.05478822516854,-5.788858805928568,Zebrafish,2-2.5,2.0,1-2.5
8PWE,-66.14360803482191,-2.980004656518858,Zebrafish,2-2.5,2.0,1-2.5
8PWM,-65.58745567429922,-2.88892790759622,Zebrafish,2-2.5,2.0,1-2.5
6XZH,-66.3061493447162,-2.4670806775637586,Zebrafish,2-2.5,2.0,1-2.5
6XZI,-67.08412558897834,-3.530190598507527,Zebrafish,2-2.5,2.0,1-2.5
6XZJ,-66.88261507568886,-5.146188239934686,Zebrafish,2-2.5,2.0,1-2.5
6XZK,-67.16572573664143,-1.4983984789625149,Zebrafish,2-2.5,2.0,1-2.5
6XZV,-67.43869187984463,-5.030014963736707,Zebrafish,2-2.5,2.0,1-2.5
4IA1,-65.59036959615304,-5.426080994241169,Zebrafish,2-2.5,2.0,1-2.5
9GY8,-65.4047048058805,-6.003687069491624,Zebrafish,2-2.5,2.0,1-2.5
9GYC,-64.16135967262713,-6.1303517555526845,Zebrafish,2-2.5,2.0,1-2.5
9GYK,-65.27116272004892,-3.426709940180781,Zebrafish,2-2.5,2.0,1-2.5
7OXZ,-66.75098238058058,-7.52583913935171,Zebrafish,2-2.5,2.0,1-2.5
7OY4,-66.914698869896,-5.230534651035057,Zebrafish,2-2.5,2.0,1-2.5
3O1D,-65.77713540708521,-2.466745469947074,Zebrafish,2-2.5,2.0,1-2.5
4FHH,-66.54913200177546,-1.866780456673658,Zebrafish,2-2.5,2.0,1-2.5
8P9X,-65.63370842129702,-5.327013703250756,Zebrafish,2-2.5,2.0,1-2.5
7OXU,-68.04127364386109,-6.869206873281051,Zebrafish,2-2.5,2.0,1-2.5
5E7V,-65.04719969272905,-5.09283974461279,Zebrafish,2-2.5,2.0,1-2.5
5OW7,-65.60172918414709,-3.03040309115981,Zebrafish,2-2.5,2.0,1-2.5
7BNU,-66.12468721712905,-5.080830264161237,Zebrafish,2-2.5,2.0,1-2.5
8CK5,-65.51266747444747,-4.889096741579532,Zebrafish,2-2.5,2.0,1-2.5
4RUJ,-65.98636104726475,-1.7119376681632794,Zebrafish,2-2.5,2.0,1-2.5
5NKY,-65.16392830828202,-6.34123940008646,Zebrafish,2-2.5,2.0,1-2.5
5OW9,-66.18201737771732,-3.726591252577615,Zebrafish,2-2.5,2.0,1-2.5
5OWD,-65.62120343369546,-9.572889011559408,Zebrafish,2-2.5,2.0,1-2.5
6FO8,-68.293222975587,-7.957826576534955,Zebrafish,2-2.5,2.0,1-2.5
7B39,-67.73061154015697,-0.8244699071487258,Zebrafish,2-2.5,2.0,1-2.5
8CKC,-63.80745894868242,-4.863634924579754,Zebrafish,2-2.5,2.0,1-2.5
4FHI,-67.30152637994968,-5.985380761662055,Zebrafish,2-2.5,2.0,1-2.5
2HC4,-66.78304921523464,-7.053226950793303,Zebrafish,2-2.5,2.0,1-2.5
8PWD,-64.80457930210302,-6.261743245401956,Zebrafish,2.5+,2.5,2.5+
8PZ8,-67.53872767145975,-5.38605651656496,Zebrafish,2.5+,2.5,2.5+
8PZ6,-66.80236256347374,-9.036641834273835,Zebrafish,2.5+,2.5,2.5+
8PZ7,-66.2829968134209,-6.293195125419073,Zebrafish,2.5+,2.5,2.5+
8PZ9,-65.53100471102282,-9.543214823101405,Zebrafish,2.5+,2.5,2.5+
8PZB,-65.30247481100514,-6.973687905996002,Zebrafish,2.5+,2.5,2.5+
4IA2,-65.17047834830433,-6.068852844417895,Zebrafish,2.5+,2.5,2.5+
4IA3,-65.06578097216756,-6.98458017628493,Zebrafish,2.5+,2.5,2.5+
4IA7,-65.66453570008326,-6.75850998709095,Zebrafish,2.5+,2.5,2.5+
6T2M,-70.60542356887163,-2.10005125211485,Zebrafish,2.5+,2.5,2.5+
3O1E,-65.87376590674788,-4.034226508432662,Zebrafish,2.5+,2.5,2.5+
4RUO,-65.60159131901358,-5.547510095857646,Zebrafish,2.5+,2.5,2.5+
5LGA,-65.45218612776905,-3.928845303501833,Zebrafish,2.5+,2.5,2.5+
4G1D,-65.20733428227187,-10.17651632486552,Zebrafish,2.5+,2.5,2.5+
4G1Y,-67.64934658541199,-5.9642039994022085,Zebrafish,2.5+,2.5,2.5+
4G1Z,-64.95160999152274,-6.124856438174117,Zebrafish,2.5+,2.5,2.5+
4G20,-66.28471129247495,-7.03155573587491,Zebrafish,2.5+,2.5,2.5+
4G21,-64.10276664545113,-7.7956941056240705,Zebrafish,2.5+,2.5,2.5+
4G2H,-66.19726709469171,-5.16798404943922,Zebrafish,2.5+,2.5,2.5+
7BNS,-65.77351006789948,-5.212962804095287,Zebrafish,2.5+,2.5,2.5+
7BO6,-66.3652708015602,-2.798775600655685,Zebrafish,2.5+,2.5,2.5+
7ZFG,-67.75180758353996,-7.314261793518776,Zebrafish,2.5+,2.5,2.5+
7ZFX,-68.17720127117643,-5.158899154769782,Zebrafish,2.5+,2.5,2.5+
9EYR,-66.42138872330018,-5.607674496682171,Zebrafish,2.5+,2.5,2.5+
9FBF,-65.6766343218594,-4.955837854875229,Zebrafish,2.5+,2.5,2.5+
3DR1,-64.14618240869875,-6.443959455346001,Zebrafish,2.5+,2.5,2.5+
4RUP,-64.50018306917373,-7.67420495122401,Zebrafish,2.5+,2.5,2.5+
5NMA,-67.6011938718769,-5.6883488823042425,Zebrafish,2.5+,2.5,2.5+
5NMB,-67.08735001921244,-8.142586391737314,Zebrafish,2.5+,2.5,2.5+
6FO7,-65.2522693433773,-6.583844584462075,Zebrafish,2.5+,2.5,2.5+
6FO9,-68.50222138548177,-4.48314391163837,Zebrafish,2.5+,2.5,2.5+
6FOB,-65.23383860475819,-6.877967437590049,Zebrafish,2.5+,2.5,2.5+
6FOD,-65.4808867782958,-5.698951387724971,Zebrafish,2.5+,2.5,2.5+
8P9W,-68.11361262688037,-3.5765059424227843,Zebrafish,2.5+,2.5,2.5+
2HBH,-65.09536259726522,-4.273896417260761,Zebrafish,2.5+,2.5,2.5+
2HCD,-65.17775351799536,-6.042075706489904,Zebrafish,2.5+,2.5,2.5+
2ZL9,-65.69053268387819,-8.882240992877806,Rat,1-2,1.0,1-2
3VT4,-64.51804120057167,-5.9144360664931,Rat,1-2,1.0,1-2
3VT3,-65.92224802422872,-3.5715013782723863,Rat,1-2,1.0,1-2
5XPN,-64.11337541890106,-9.166460755598152,Rat,1-2,1.0,1-2
3VTC,-65.82121976338865,-5.578774232471952,Rat,1-2,1.0,1-2
5B41,-63.997959005282745,-7.304541984902968,Rat,1-2,1.0,1-2
2ZMI,-64.30826327702303,-3.545191584174344,Rat,1-2,1.0,1-2
2O4J,-62.971805379054246,-5.988078746363688,Rat,1-2,1.0,1-2
2O4R,-63.79305426852981,-7.200199550080479,Rat,1-2,1.0,1-2
2ZFX,-63.4745332765374,-7.565053135877173,Rat,1-2,1.0,1-2
3VRV,-66.51869584136774,-7.89841715373181,Rat,1-2,1.0,1-2
3VT7,-66.80968291589797,-7.117788023049831,Rat,1-2,1.0,1-2
3W0G,-65.25278661328163,-5.667385696020945,Rat,1-2,1.0,1-2
3W0H,-64.2428831403384,-5.838203842382249,Rat,1-2,1.0,1-2
3W0I,-64.17243033332342,-5.293390748437209,Rat,1-2,1.0,1-2
3W0J,-64.15628742762763,-5.768439401221382,Rat,1-2,1.0,1-2
6K5O,-66.71607005095923,-9.918169826988668,Rat,1-2,1.0,1-2
7C7W,-65.4215543383997,-9.008963748770116,Rat,1-2,1.0,1-2
1RJK,-63.724838005581326,-7.380088873638816,Rat,1-2,1.0,1-2
1RKG,-65.1233574857394,-7.502197687456139,Rat,1-2,1.0,1-2
3VJS,-65.17767323411678,-8.00475955365494,Rat,1-2,1.0,1-2
3W5P,-63.71279486872383,-6.141385427846188,Rat,1-2,1.0,1-2
3W5Q,-65.6425331449504,-4.639330380221116,Rat,1-2,1.0,1-2
3WT5,-66.19631546489528,-6.86377215520869,Rat,1-2,1.0,1-2
3AUN,-65.12230125157974,-7.017818018481766,Rat,1-2,1.0,1-2
7VQP,-65.16926953959047,-9.493246154567052,Rat,1-2,1.0,1-2
5XPL,-65.43263975401528,-6.567918629376266,Rat,2-2.5,2.0,2-2.5
2ZLA,-64.01741488593328,-5.052559379509462,Rat,2-2.5,2.0,2-2.5
2ZLC,-65.13606128771801,-5.441761038802937,Rat,2-2.5,2.0,2-2.5
3VT5,-67.12840636986571,-8.97789116185271,Rat,2-2.5,2.0,2-2.5
3VT6,-65.87424915515957,-4.8176523050437945,Rat,2-2.5,2.0,2-2.5
3VT8,-65.34142934050071,-9.003773840121637,Rat,2-2.5,2.0,2-2.5
3VT9,-65.40266265746554,-6.115768726831423,Rat,2-2.5,2.0,2-2.5
3AFR,-66.84183427964797,-5.535539990652163,Rat,2-2.5,2.0,2-2.5
5XPM,-63.71703082884453,-7.798978118819712,Rat,2-2.5,2.0,2-2.5
5XPO,-64.96593524568482,-7.808349879049385,Rat,2-2.5,2.0,2-2.5
3VTB,-64.42378040566444,-10.07510811362878,Rat,2-2.5,2.0,2-2.5
2ZMH,-63.38742454424522,-5.595382365434246,Rat,2-2.5,2.0,2-2.5
2ZMJ,-64.5687894535286,-6.01167181346505,Rat,2-2.5,2.0,2-2.5
2ZXN,-66.49911658685443,-6.115373961986154,Rat,2-2.5,2.0,2-2.5
3WTQ,-63.964555422379526,-10.046609120120864,Rat,2-2.5,2.0,2-2.5
5B5B,-64.72302484457143,-8.630305344220538,Rat,2-2.5,2.0,2-2.5
5AWJ,-63.23588232147821,-6.825904478908079,Rat,2-2.5,2.0,2-2.5
5GIC,-68.10863191497472,-8.273622822671653,Rat,2-2.5,2.0,2-2.5
5GID,-68.47230971255111,-8.237688202919955,Rat,2-2.5,2.0,2-2.5
5GIE,-66.7363015087115,-4.895556732963828,Rat,2-2.5,2.0,2-2.5
5ZWF,-63.65154399665018,-6.346413080326832,Rat,2-2.5,2.0,2-2.5
5ZWH,-64.24817391212483,-6.758088517050691,Rat,2-2.5,2.0,2-2.5
5ZWI,-62.22449157871799,-6.849323165558559,Rat,2-2.5,2.0,2-2.5
3VRT,-64.77101587895979,-8.452152247288456,Rat,2-2.5,2.0,2-2.5
3VRU,-65.1314077261756,-7.741331768259451,Rat,2-2.5,2.0,2-2.5
3VRW,-67.87691847752238,-6.168604015886382,Rat,2-2.5,2.0,2-2.5
3WT7,-65.79744755943955,-6.437349088436082,Rat,2-2.5,2.0,2-2.5
4YNK,-64.67563897559415,-7.296494607431956,Rat,2-2.5,2.0,2-2.5
5XZF,-66.53988401335546,-9.386707595174409,Rat,2-2.5,2.0,2-2.5
5XZH,-65.09119211422718,-6.281844136822079,Rat,2-2.5,2.0,2-2.5
6JEZ,-64.06712449895446,-8.096169190555496,Rat,2-2.5,2.0,2-2.5
7C7V,-65.23580088362519,-9.46213012424195,Rat,2-2.5,2.0,2-2.5
1RK3,-63.751828252637104,-7.233315089696902,Rat,2-2.5,2.0,2-2.5
1RKH,-63.592476836786034,-6.226762340583812,Rat,2-2.5,2.0,2-2.5
3VJT,-64.86633464183109,-7.028399734052985,Rat,2-2.5,2.0,2-2.5
3W5R,-65.47482383773739,-6.555807904860695,Rat,2-2.5,2.0,2-2.5
3W5T,-64.11027531805999,-7.839689602172926,Rat,2-2.5,2.0,2-2.5
3WT6,-64.96184824981448,-8.15101470771276,Rat,2-2.5,2.0,2-2.5
5XPP,-64.03216950591649,-7.227746249860809,Rat,2.5+,2.5,2.5+
5H1E,-61.94394653396584,-7.3334355594782945,Rat,2.5+,2.5,2.5+
3VTD,-64.82101536259975,-5.643214272146834,Rat,2.5+,2.5,2.5+
2ZXM,-66.38664361077149,-4.556090903471809,Rat,2.5+,2.5,2.5+
5XUQ,-64.71621925285461,-6.691971161855185,Rat,2.5+,2.5,2.5+
5AWK,-61.60329223175899,-6.816590249480019,Rat,2.5+,2.5,2.5+
5ZWE,-62.70661673307363,-6.340319137986305,Rat,2.5+,2.5,2.5+
3A2H,-66.27214424826686,-6.465020167040073,Rat,2.5+,2.5,2.5+
3B0T,-65.1125547644296,-1.56984541420496,Human,1-2,1.0,1-2
7QPP,-65.62119278259166,-0.1722271871637761,Human,1-2,1.0,1-2
9EZ1,-65.67023362482767,-2.3934720664967783,Human,1-2,1.0,1-2
9EZ2,-66.5722622487143,-2.3336790129139957,Human,1-2,1.0,1-2
9GYA,-66.84510392935881,-3.1095994890673664,Human,1-2,1.0,1-2
9GYJ,-64.91743547915604,-4.229557537363045,Human,1-2,1.0,1-2
1TXI,-65.50526010855198,-1.935642722424557,Human,1-2,1.0,1-2
2HAM,-66.49255380370518,-3.3065421056035897,Human,1-2,1.0,1-2
2HAR,-65.75646149945621,-4.896181796470885,Human,1-2,1.0,1-2
2HAS,-66.86985521185342,-2.9615017542295523,Human,1-2,1.0,1-2
2HB7,-66.15337586459741,-2.314568801326108,Human,1-2,1.0,1-2
3CS6,-65.95513474361914,-2.428125949213504,Human,1-2,1.0,1-2
3M7R,-66.21509288560742,-4.275225537503531,Human,1-2,1.0,1-2
4G2I,-65.36701425669663,-3.736668835452954,Human,1-2,1.0,1-2
4Q0A,-66.14385890523009,-3.030663342819019,Human,1-2,1.0,1-2
5GT4,-64.86269135880754,-1.1757721910989551,Human,1-2,1.0,1-2
8IQN,-66.1588832467378,-2.554841674853104,Human,1-2,1.0,1-2
8IQT,-66.01283723603967,-1.3029491431608702,Human,1-2,1.0,1-2
5MX7,-65.53353158107686,-2.7159824180191103,Human,1-2,1.0,1-2
1IE8,-65.75657330878809,-1.2571203683408083,Human,1-2,1.0,1-2
1IE9,-65.64151923533174,-1.8661030873801443,Human,1-2,1.0,1-2
3A3Z,-64.99688261325065,-1.2725755597187771,Human,1-2,1.0,1-2
3A40,-64.89345623018423,-1.1182768469970872,Human,1-2,1.0,1-2
3A78,-64.29801409917228,-3.3300094235249618,Human,1-2,1.0,1-2
3AZ1,-64.93488820114571,-3.970071232359428,Human,1-2,1.0,1-2
3AZ2,-65.10970556524408,-2.156198145104415,Human,1-2,1.0,1-2
3AZ3,-65.03988473611348,-2.4655974875705486,Human,1-2,1.0,1-2
3KPZ,-64.90890222306389,-4.067716304102966,Human,1-2,1.0,1-2
3OGT,-65.01906598562358,-1.5065296912186734,Human,1-2,1.0,1-2
3P8X,-65.38575868841646,-2.427218445270188,Human,1-2,1.0,1-2
3TKC,-65.0406274149834,-1.5157564303597273,Human,1-2,1.0,1-2
3W0A,-65.0843364943979,-2.3257608961376075,Human,1-2,1.0,1-2
3W0C,-65.57678293149317,-2.000908822632598,Human,1-2,1.0,1-2
3W0Y,-65.43561522640893,-4.996248319882612,Human,1-2,1.0,1-2
3X36,-64.10896706760548,-1.4449903610086297,Human,1-2,1.0,1-2
5XPN,-64.11337541890106,-9.166460755598152,Human,1-2,1.0,1-2
5B41,-63.997959005282745,-7.304541984902968,Human,1-2,1.0,1-2
1DB1,-66.08677973887733,-1.1024991445449808,Human,1-2,1.0,1-2
2O4J,-62.971805379054246,-5.988078746363688,Human,1-2,1.0,1-2
2O4R,-63.79305426852981,-7.200199550080479,Human,1-2,1.0,1-2
3VRV,-66.51869584136774,-7.89841715373181,Human,1-2,1.0,1-2
3W0G,-65.25278661328163,-5.667385696020945,Human,1-2,1.0,1-2
3W0H,-64.2428831403384,-5.838203842382249,Human,1-2,1.0,1-2
3W0I,-64.17243033332342,-5.293390748437209,Human,1-2,1.0,1-2
3W0J,-64.15628742762763,-5.768439401221382,Human,1-2,1.0,1-2
6K5O,-66.71607005095923,-9.918169826988668,Human,1-2,1.0,1-2
7C7W,-65.4215543383997,-9.008963748770116,Human,1-2,1.0,1-2
1RJK,-63.724838005581326,-7.380088873638816,Human,1-2,1.0,1-2
1RKG,-65.1233574857394,-7.502197687456139,Human,1-2,1.0,1-2
3VJS,-65.17767323411678,-8.00475955365494,Human,1-2,1.0,1-2
3W5P,-63.71279486872383,-6.141385427846188,Human,1-2,1.0,1-2
3W5Q,-65.6425331449504,-4.639330380221116,Human,1-2,1.0,1-2
3WT5,-66.19631546489528,-6.86377215520869,Human,1-2,1.0,1-2
7VQP,-65.16926953959047,-9.493246154567052,Human,1-2,1.0,1-2
8PWF,-67.05478822516854,-5.788858805928568,Human,2-2.5,2.0,2-2.5
8PWE,-66.14360803482191,-2.980004656518858,Human,2-2.5,2.0,2-2.5
8PWM,-65.58745567429922,-2.88892790759622,Human,2-2.5,2.0,2-2.5
5V39,-64.96687504901053,-2.623509309543578,Human,2-2.5,2.0,2-2.5
4IA1,-65.59036959615304,-5.426080994241169,Human,2-2.5,2.0,2-2.5
9GY8,-65.4047048058805,-6.003687069491624,Human,2-2.5,2.0,2-2.5
9GYC,-64.16135967262713,-6.1303517555526845,Human,2-2.5,2.0,2-2.5
9GYK,-65.27116272004892,-3.426709940180781,Human,2-2.5,2.0,2-2.5
7OXZ,-66.75098238058058,-7.52583913935171,Human,2-2.5,2.0,2-2.5
7OY4,-66.914698869896,-5.230534651035057,Human,2-2.5,2.0,2-2.5
5XPL,-65.43263975401528,-6.567918629376266,Human,2-2.5,2.0,2-2.5
1S19,-65.60777246847944,-1.8217510654558904,Human,2-2.5,2.0,2-2.5
2HB8,-65.32574378519269,-1.737602487595445,Human,2-2.5,2.0,2-2.5
3CS4,-65.99453547927764,-0.930933444250764,Human,2-2.5,2.0,2-2.5
5YSY,-65.25519977461622,-1.519514691644435,Human,2-2.5,2.0,2-2.5
5YT2,-65.56816609405632,-3.5543819230472447,Human,2-2.5,2.0,2-2.5
3O1D,-65.77713540708521,-2.466745469947074,Human,2-2.5,2.0,2-2.5
4FHH,-66.54913200177546,-1.866780456673658,Human,2-2.5,2.0,2-2.5
8P9X,-65.63370842129702,-5.327013703250756,Human,2-2.5,2.0,2-2.5
7OXU,-68.04127364386109,-6.869206873281051,Human,2-2.5,2.0,2-2.5
5E7V,-65.04719969272905,-5.09283974461279,Human,2-2.5,2.0,2-2.5
5OW7,-65.60172918414709,-3.03040309115981,Human,2-2.5,2.0,2-2.5
7BNU,-66.12468721712905,-5.080830264161237,Human,2-2.5,2.0,2-2.5
8CK5,-65.51266747444747,-4.889096741579532,Human,2-2.5,2.0,2-2.5
3AUR,-64.51360877992879,-4.931191566135556,Human,2-2.5,2.0,2-2.5
3VHW,-63.99296640877593,-6.153287103318844,Human,2-2.5,2.0,2-2.5
3WGP,-65.3344523748335,-2.0701328658730254,Human,2-2.5,2.0,2-2.5
3X31,-63.29481534179978,-4.676440856196461,Human,2-2.5,2.0,2-2.5
4ITE,-65.4674124948382,-2.329199667527766,Human,2-2.5,2.0,2-2.5
4RUJ,-65.98636104726475,-1.7119376681632794,Human,2-2.5,2.0,2-2.5
5NKY,-65.16392830828202,-6.34123940008646,Human,2-2.5,2.0,2-2.5
5OW9,-66.18201737771732,-3.726591252577615,Human,2-2.5,2.0,2-2.5
5OWD,-65.62120343369546,-9.572889011559408,Human,2-2.5,2.0,2-2.5
6FO8,-68.293222975587,-7.957826576534955,Human,2-2.5,2.0,2-2.5
7B39,-67.73061154015697,-0.8244699071487258,Human,2-2.5,2.0,2-2.5
8CKC,-63.80745894868242,-4.863634924579754,Human,2-2.5,2.0,2-2.5
5XPM,-63.71703082884453,-7.798978118819712,Human,2-2.5,2.0,2-2.5
5XPO,-64.96593524568482,-7.808349879049385,Human,2-2.5,2.0,2-2.5
3WTQ,-63.964555422379526,-10.046609120120864,Human,2-2.5,2.0,2-2.5
5B5B,-64.72302484457143,-8.630305344220538,Human,2-2.5,2.0,2-2.5
4FHI,-67.30152637994968,-5.985380761662055,Human,2-2.5,2.0,2-2.5
2HC4,-66.78304921523464,-7.053226950793303,Human,2-2.5,2.0,2-2.5
5AWJ,-63.23588232147821,-6.825904478908079,Human,2-2.5,2.0,2-2.5
5GIC,-68.10863191497472,-8.273622822671653,Human,2-2.5,2.0,2-2.5
5GID,-68.47230971255111,-8.237688202919955,Human,2-2.5,2.0,2-2.5
5GIE,-66.7363015087115,-4.895556732963828,Human,2-2.5,2.0,2-2.5
5ZWF,-63.65154399665018,-6.346413080326832,Human,2-2.5,2.0,2-2.5
5ZWH,-64.24817391212483,-6.758088517050691,Human,2-2.5,2.0,2-2.5
5ZWI,-62.22449157871799,-6.849323165558559,Human,2-2.5,2.0,2-2.5
3VRT,-64.77101587895979,-8.452152247288456,Human,2-2.5,2.0,2-2.5
3VRU,-65.1314077261756,-7.741331768259451,Human,2-2.5,2.0,2-2.5
3VRW,-67.87691847752238,-6.168604015886382,Human,2-2.5,2.0,2-2.5
3WT7,-65.79744755943955,-6.437349088436082,Human,2-2.5,2.0,2-2.5
4YNK,-64.67563897559415,-7.296494607431956,Human,2-2.5,2.0,2-2.5
5XZF,-66.53988401335546,-9.386707595174409,Human,2-2.5,2.0,2-2.5
5XZH,-65.09119211422718,-6.281844136822079,Human,2-2.5,2.0,2-2.5
6JEZ,-64.06712449895446,-8.096169190555496,Human,2-2.5,2.0,2-2.5
7C7V,-65.23580088362519,-9.46213012424195,Human,2-2.5,2.0,2-2.5
1RK3,-63.751828252637104,-7.233315089696902,Human,2-2.5,2.0,2-2.5
1RKH,-63.592476836786034,-6.226762340583812,Human,2-2.5,2.0,2-2.5
3VJT,-64.86633464183109,-7.028399734052985,Human,2-2.5,2.0,2-2.5
3W5R,-65.47482383773739,-6.555807904860695,Human,2-2.5,2.0,2-2.5
3W5T,-64.11027531805999,-7.839689602172926,Human,2-2.5,2.0,2-2.5
3WT6,-64.96184824981448,-8.15101470771276,Human,2-2.5,2.0,2-2.5
8PWD,-64.80457930210302,-6.261743245401956,Human,2.5+,2.5,2.5+
8PZ8,-67.53872767145975,-5.38605651656496,Human,2.5+,2.5,2.5+
8PZ6,-66.80236256347374,-9.036641834273835,Human,2.5+,2.5,2.5+
8PZ7,-66.2829968134209,-6.293195125419073,Human,2.5+,2.5,2.5+
8PZ9,-65.53100471102282,-9.543214823101405,Human,2.5+,2.5,2.5+
8PZB,-65.30247481100514,-6.973687905996002,Human,2.5+,2.5,2.5+
4IA2,-65.17047834830433,-6.068852844417895,Human,2.5+,2.5,2.5+
4IA3,-65.06578097216756,-6.98458017628493,Human,2.5+,2.5,2.5+
4IA7,-65.66453570008326,-6.75850998709095,Human,2.5+,2.5,2.5+
6T2M,-70.60542356887163,-2.10005125211485,Human,2.5+,2.5,2.5+
1S0Z,-65.57567224615488,-1.870890545561819,Human,2.5+,2.5,2.5+
3O1E,-65.87376590674788,-4.034226508432662,Human,2.5+,2.5,2.5+
4RUO,-65.60159131901358,-5.547510095857646,Human,2.5+,2.5,2.5+
5LGA,-65.45218612776905,-3.928845303501833,Human,2.5+,2.5,2.5+
7QPI,-67.42281538325653,-3.6480611274597607,Human,2.5+,2.5,2.5+
4G1D,-65.20733428227187,-10.17651632486552,Human,2.5+,2.5,2.5+
4G1Y,-67.64934658541199,-5.9642039994022085,Human,2.5+,2.5,2.5+
4G1Z,-64.95160999152274,-6.124856438174117,Human,2.5+,2.5,2.5+
4G20,-66.28471129247495,-7.03155573587491,Human,2.5+,2.5,2.5+
4G21,-64.10276664545113,-7.7956941056240705,Human,2.5+,2.5,2.5+
4G2H,-66.19726709469171,-5.16798404943922,Human,2.5+,2.5,2.5+
7BNS,-65.77351006789948,-5.212962804095287,Human,2.5+,2.5,2.5+
7BO6,-66.3652708015602,-2.798775600655685,Human,2.5+,2.5,2.5+
7ZFG,-67.75180758353996,-7.314261793518776,Human,2.5+,2.5,2.5+
7ZFX,-68.17720127117643,-5.158899154769782,Human,2.5+,2.5,2.5+
9EYR,-66.42138872330018,-5.607674496682171,Human,2.5+,2.5,2.5+
9FBF,-65.6766343218594,-4.955837854875229,Human,2.5+,2.5,2.5+
3A2I,-64.93628397465945,-1.36092881121851,Human,2.5+,2.5,2.5+
3A2J,-65.08210787842424,-3.957546658420524,Human,2.5+,2.5,2.5+
3AUQ,-66.65057321649533,-1.379153077888884,Human,2.5+,2.5,2.5+
3AX8,-64.74285069188296,-3.159890588275024,Human,2.5+,2.5,2.5+
3WWR,-67.28755192716267,-2.6035211689446114,Human,2.5+,2.5,2.5+
4ITF,-64.80355628213984,-2.7950335785816365,Human,2.5+,2.5,2.5+
3DR1,-64.14618240869875,-6.443959455346001,Human,2.5+,2.5,2.5+
4RUP,-64.50018306917373,-7.67420495122401,Human,2.5+,2.5,2.5+
5NMA,-67.6011938718769,-5.6883488823042425,Human,2.5+,2.5,2.5+
5NMB,-67.08735001921244,-8.142586391737314,Human,2.5+,2.5,2.5+
6FO7,-65.2522693433773,-6.583844584462075,Human,2.5+,2.5,2.5+
6FO9,-68.50222138548177,-4.48314391163837,Human,2.5+,2.5,2.5+
6FOB,-65.23383860475819,-6.877967437590049,Human,2.5+,2.5,2.5+
6FOD,-65.4808867782958,-5.698951387724971,Human,2.5+,2.5,2.5+
8P9W,-68.11361262688037,-3.5765059424227843,Human,2.5+,2.5,2.5+
5XPP,-64.03216950591649,-7.227746249860809,Human,2.5+,2.5,2.5+
5H1E,-61.94394653396584,-7.3334355594782945,Human,2.5+,2.5,2.5+
5XUQ,-64.71621925285461,-6.691971161855185,Human,2.5+,2.5,2.5+
5AWK,-61.60329223175899,-6.816590249480019,Human,2.5+,2.5,2.5+
5ZWE,-62.70661673307363,-6.340319137986305,Human,2.5+,2.5,2.5+
2HBH,-65.09536259726522,-4.273896417260761,Human,2.5+,2.5,2.5+
2HCD,-65.17775351799536,-6.042075706489904,Human,2.5+,2.5,2.5+
3A2H,-66.27214424826686,-6.465020167040073,Human,2.5+,2.5,2.5+
